<?xml version="1.0" encoding="UTF-8"?>
<!DOCTYPE suite SYSTEM "http://testng.org/testng-1.0.dtd">

<!-- 执行测试用例，此文件捕获整个测试XML -->
<suite name="logintest" verbose="1">
    <listeners>
        <!-- class-name的值填写为时间创建的监听器的路径 -->
        <listener class-name="com.qa.report.ExtentTestngReporterListener"></listener>
    </listeners>

    <test name="司机端app接口测试">
        <classes>
            <class name="com.qa.tests.DriverUserController.test_driverUserController_login">
                <methods>
                    <include name="test_driverUserController_login"></include>
                </methods>
            </class>
            <class name="com.qa.tests.Order.test_order_getOrderInfoRunList">
                <methods>
                    <include name="test_order_getOrderInfoRunList"></include>
                </methods>
            </class>
        </classes>
    </test>
</suite>